PersonOID,MerchantNumber,MerchantName,L12MVolume,L12MTxns,L12MActualMargin,L12MAvgTicket,L12MBasisPts
OID 1,ACCT 2,MerchantName 2,100000,10000,1500,15,15
OID 1,ACCT 3,MerchantName 3,100000,10000,1500,15,15
OID 1,ACCT 4,MerchantName 4,100000,10000,1500,15,15
OID 1,ACCT 5,MerchantName 5,100000,10000,1500,15,15
OID 1,ACCT 6,MerchantName 6,100000,10000,1500,15,15
OID 1,ACCT 7,MerchantName 7,100000,10000,1500,15,15
OID 1,ACCT 8,MerchantName 8,100000,10000,1500,15,15
OID 1,ACCT 9,MerchantName 9,100000,10000,1500,15,15
OID 1,ACCT 10,MerchantName 10,100000,10000,1500,15,15
OID 1,ACCT 11,MerchantName 11,100000,10000,1500,15,15
OID 1,ACCT 12,MerchantName 12,100000,10000,1500,15,15
OID 1,ACCT 13,MerchantName 13,100000,10000,1500,15,15
OID 1,ACCT 14,MerchantName 14,100000,10000,1500,15,15
OID 1,ACCT 15,MerchantName 15,100000,10000,1500,15,15
OID 1,ACCT 16,MerchantName 16,100000,10000,1500,15,15
OID 1,ACCT 17,MerchantName 17,100000,10000,1500,15,15
OID 1,ACCT 18,MerchantName 18,100000,10000,1500,15,15
OID 1,ACCT 19,MerchantName 19,100000,10000,1500,15,15
OID 1,ACCT 20,MerchantName 20,100000,10000,1500,15,15
OID 1,ACCT 21,MerchantName 21,100000,10000,1500,15,15
OID 1,ACCT 22,MerchantName 22,100000,10000,1500,15,15
OID 1,ACCT 23,MerchantName 23,100000,10000,1500,15,15
OID 1,ACCT 24,MerchantName 24,100000,10000,1500,15,15
OID 1,ACCT 25,MerchantName 25,100000,10000,1500,15,15
OID 1,ACCT 26,MerchantName 26,100000,10000,1500,15,15
OID 1,ACCT 27,MerchantName 27,100000,10000,1500,15,15
OID 1,ACCT 28,MerchantName 28,100000,10000,1500,15,15
OID 1,ACCT 29,MerchantName 29,100000,10000,1500,15,15
OID 1,ACCT 30,MerchantName 30,100000,10000,1500,15,15
OID 1,ACCT 31,MerchantName 31,100000,10000,1500,15,15
OID 1,ACCT 32,MerchantName 32,100000,10000,1500,15,15
OID 1,ACCT 33,MerchantName 33,100000,10000,1500,15,15
OID 1,ACCT 34,MerchantName 34,100000,10000,1500,15,15
OID 1,ACCT 35,MerchantName 35,100000,10000,1500,15,15
OID 1,ACCT 36,MerchantName 36,100000,10000,1500,15,15
OID 1,ACCT 37,MerchantName 37,100000,10000,1500,15,15
OID 1,ACCT 38,MerchantName 38,100000,10000,1500,15,15
OID 1,ACCT 39,MerchantName 39,100000,10000,1500,15,15
OID 1,ACCT 40,MerchantName 40,100000,10000,1500,15,15
OID 1,ACCT 41,MerchantName 41,100000,10000,1500,15,15
OID 1,ACCT 42,MerchantName 42,100000,10000,1500,15,15
OID 1,ACCT 43,MerchantName 43,100000,10000,1500,15,15
OID 1,ACCT 44,MerchantName 44,100000,10000,1500,15,15
OID 1,ACCT 45,MerchantName 45,100000,10000,1500,15,15
OID 1,ACCT 46,MerchantName 46,100000,10000,1500,15,15
OID 1,ACCT 47,MerchantName 47,100000,10000,1500,15,15
OID 1,ACCT 48,MerchantName 48,100000,10000,1500,15,15
OID 1,ACCT 49,MerchantName 49,100000,10000,1500,15,15
OID 1,ACCT 50,MerchantName 50,100000,10000,1500,15,15
OID 1,ACCT 51,MerchantName 51,100000,10000,1500,15,15
OID 1,ACCT 52,MerchantName 52,100000,10000,1500,15,15
OID 1,ACCT 53,MerchantName 53,100000,10000,1500,15,15
OID 1,ACCT 54,MerchantName 54,100000,10000,1500,15,15
OID 1,ACCT 55,MerchantName 55,100000,10000,1500,15,15
OID 1,ACCT 56,MerchantName 56,100000,10000,1500,15,15
OID 1,ACCT 57,MerchantName 57,100000,10000,1500,15,15
OID 1,ACCT 58,MerchantName 58,100000,10000,1500,15,15
OID 1,ACCT 59,MerchantName 59,100000,10000,1500,15,15
OID 1,ACCT 60,MerchantName 60,100000,10000,1500,15,15
OID 1,ACCT 61,MerchantName 61,100000,10000,1500,15,15
OID 1,ACCT 62,MerchantName 62,100000,10000,1500,15,15
OID 1,ACCT 63,MerchantName 63,100000,10000,1500,15,15
OID 1,ACCT 64,MerchantName 64,100000,10000,1500,15,15
OID 1,ACCT 65,MerchantName 65,100000,10000,1500,15,15
OID 1,ACCT 66,MerchantName 66,100000,10000,1500,15,15
OID 1,ACCT 67,MerchantName 67,100000,10000,1500,15,15
OID 1,ACCT 68,MerchantName 68,100000,10000,1500,15,15
OID 1,ACCT 69,MerchantName 69,100000,10000,1500,15,15
OID 1,ACCT 70,MerchantName 70,100000,10000,1500,15,15
OID 1,ACCT 71,MerchantName 71,100000,10000,1500,15,15
OID 1,ACCT 72,MerchantName 72,100000,10000,1500,15,15
OID 1,ACCT 73,MerchantName 73,100000,10000,1500,15,15
OID 1,ACCT 74,MerchantName 74,100000,10000,1500,15,15
OID 1,ACCT 75,MerchantName 75,100000,10000,1500,15,15
OID 1,ACCT 76,MerchantName 76,100000,10000,1500,15,15
OID 1,ACCT 77,MerchantName 77,100000,10000,1500,15,15
OID 1,ACCT 78,MerchantName 78,100000,10000,1500,15,15
OID 1,ACCT 79,MerchantName 79,100000,10000,1500,15,15
OID 1,ACCT 80,MerchantName 80,100000,10000,1500,15,15
OID 1,ACCT 81,MerchantName 81,100000,10000,1500,15,15
OID 1,ACCT 82,MerchantName 82,100000,10000,1500,15,15
OID 1,ACCT 83,MerchantName 83,100000,10000,1500,15,15
OID 1,ACCT 84,MerchantName 84,100000,10000,1500,15,15
OID 1,ACCT 85,MerchantName 85,100000,10000,1500,15,15
OID 1,ACCT 86,MerchantName 86,100000,10000,1500,15,15
OID 1,ACCT 87,MerchantName 87,100000,10000,1500,15,15
OID 1,ACCT 88,MerchantName 88,100000,10000,1500,15,15
OID 1,ACCT 89,MerchantName 89,100000,10000,1500,15,15
OID 1,ACCT 90,MerchantName 90,100000,10000,1500,15,15
OID 1,ACCT 91,MerchantName 91,100000,10000,1500,15,15
OID 1,ACCT 92,MerchantName 92,100000,10000,1500,15,15
OID 1,ACCT 93,MerchantName 93,100000,10000,1500,15,15
OID 1,ACCT 94,MerchantName 94,100000,10000,1500,15,15
OID 1,ACCT 95,MerchantName 95,100000,10000,1500,15,15
OID 1,ACCT 96,MerchantName 96,100000,10000,1500,15,15
OID 1,ACCT 97,MerchantName 97,100000,10000,1500,15,15
OID 1,ACCT 98,MerchantName 98,100000,10000,1500,15,15
OID 1,ACCT 99,MerchantName 99,100000,10000,1500,15,15
OID 1,ACCT 100,MerchantName 100,100000,10000,1500,15,15
OID 1,ACCT 101,MerchantName 101,100000,10000,1500,15,15
OID 1,ACCT 102,MerchantName 102,100000,10000,1500,15,15
OID 1,ACCT 103,MerchantName 103,100000,10000,1500,15,15
OID 1,ACCT 104,MerchantName 104,100000,10000,1500,15,15
OID 1,ACCT 105,MerchantName 105,100000,10000,1500,15,15
OID 1,ACCT 106,MerchantName 106,100000,10000,1500,15,15
OID 1,ACCT 107,MerchantName 107,100000,10000,1500,15,15
OID 1,ACCT 108,MerchantName 108,100000,10000,1500,15,15
OID 1,ACCT 109,MerchantName 109,100000,10000,1500,15,15
OID 1,ACCT 110,MerchantName 110,100000,10000,1500,15,15
OID 1,ACCT 111,MerchantName 111,100000,10000,1500,15,15
OID 1,ACCT 112,MerchantName 112,100000,10000,1500,15,15
OID 1,ACCT 113,MerchantName 113,100000,10000,1500,15,15
OID 1,ACCT 114,MerchantName 114,100000,10000,1500,15,15
OID 1,ACCT 115,MerchantName 115,100000,10000,1500,15,15
OID 1,ACCT 116,MerchantName 116,100000,10000,1500,15,15
OID 1,ACCT 117,MerchantName 117,100000,10000,1500,15,15
OID 1,ACCT 118,MerchantName 118,100000,10000,1500,15,15
OID 1,ACCT 119,MerchantName 119,100000,10000,1500,15,15
OID 1,ACCT 120,MerchantName 120,100000,10000,1500,15,15
OID 1,ACCT 121,MerchantName 121,100000,10000,1500,15,15
OID 1,ACCT 122,MerchantName 122,100000,10000,1500,15,15
OID 1,ACCT 123,MerchantName 123,100000,10000,1500,15,15
OID 1,ACCT 124,MerchantName 124,100000,10000,1500,15,15
OID 1,ACCT 125,MerchantName 125,100000,10000,1500,15,15
OID 1,ACCT 126,MerchantName 126,100000,10000,1500,15,15
OID 1,ACCT 127,MerchantName 127,100000,10000,1500,15,15
OID 1,ACCT 128,MerchantName 128,100000,10000,1500,15,15
OID 1,ACCT 129,MerchantName 129,100000,10000,1500,15,15
OID 1,ACCT 130,MerchantName 130,100000,10000,1500,15,15
OID 1,ACCT 131,MerchantName 131,100000,10000,1500,15,15
OID 1,ACCT 132,MerchantName 132,100000,10000,1500,15,15
OID 1,ACCT 133,MerchantName 133,100000,10000,1500,15,15
OID 1,ACCT 134,MerchantName 134,100000,10000,1500,15,15
OID 1,ACCT 135,MerchantName 135,100000,10000,1500,15,15
OID 1,ACCT 136,MerchantName 136,100000,10000,1500,15,15
OID 1,ACCT 137,MerchantName 137,100000,10000,1500,15,15
OID 1,ACCT 138,MerchantName 138,100000,10000,1500,15,15
OID 1,ACCT 139,MerchantName 139,100000,10000,1500,15,15
OID 1,ACCT 140,MerchantName 140,100000,10000,1500,15,15
OID 1,ACCT 141,MerchantName 141,100000,10000,1500,15,15
OID 1,ACCT 142,MerchantName 142,100000,10000,1500,15,15
OID 1,ACCT 143,MerchantName 143,100000,10000,1500,15,15
OID 1,ACCT 144,MerchantName 144,100000,10000,1500,15,15
OID 1,ACCT 145,MerchantName 145,100000,10000,1500,15,15
OID 1,ACCT 146,MerchantName 146,100000,10000,1500,15,15
OID 1,ACCT 147,MerchantName 147,100000,10000,1500,15,15
OID 1,ACCT 148,MerchantName 148,100000,10000,1500,15,15
OID 1,ACCT 149,MerchantName 149,100000,10000,1500,15,15
OID 1,ACCT 150,MerchantName 150,100000,10000,1500,15,15
OID 1,ACCT 151,MerchantName 151,100000,10000,1500,15,15
OID 1,ACCT 152,MerchantName 152,100000,10000,1500,15,15
OID 1,ACCT 153,MerchantName 153,100000,10000,1500,15,15
OID 1,ACCT 154,MerchantName 154,100000,10000,1500,15,15
OID 1,ACCT 155,MerchantName 155,100000,10000,1500,15,15
OID 1,ACCT 156,MerchantName 156,100000,10000,1500,15,15
OID 1,ACCT 157,MerchantName 157,100000,10000,1500,15,15
OID 1,ACCT 158,MerchantName 158,100000,10000,1500,15,15
OID 1,ACCT 159,MerchantName 159,100000,10000,1500,15,15
OID 1,ACCT 160,MerchantName 160,100000,10000,1500,15,15
OID 1,ACCT 161,MerchantName 161,100000,10000,1500,15,15
OID 1,ACCT 162,MerchantName 162,100000,10000,1500,15,15
OID 1,ACCT 163,MerchantName 163,100000,10000,1500,15,15
OID 1,ACCT 164,MerchantName 164,100000,10000,1500,15,15
OID 1,ACCT 165,MerchantName 165,100000,10000,1500,15,15
OID 1,ACCT 166,MerchantName 166,100000,10000,1500,15,15
OID 1,ACCT 167,MerchantName 167,100000,10000,1500,15,15
OID 1,ACCT 168,MerchantName 168,100000,10000,1500,15,15
OID 1,ACCT 169,MerchantName 169,100000,10000,1500,15,15
OID 1,ACCT 170,MerchantName 170,100000,10000,1500,15,15
OID 1,ACCT 171,MerchantName 171,100000,10000,1500,15,15
OID 1,ACCT 172,MerchantName 172,100000,10000,1500,15,15
OID 1,ACCT 173,MerchantName 173,100000,10000,1500,15,15
OID 1,ACCT 174,MerchantName 174,100000,10000,1500,15,15
OID 1,ACCT 175,MerchantName 175,100000,10000,1500,15,15
OID 1,ACCT 176,MerchantName 176,100000,10000,1500,15,15
OID 1,ACCT 177,MerchantName 177,100000,10000,1500,15,15
OID 1,ACCT 178,MerchantName 178,100000,10000,1500,15,15
OID 1,ACCT 179,MerchantName 179,100000,10000,1500,15,15
OID 1,ACCT 180,MerchantName 180,100000,10000,1500,15,15
OID 1,ACCT 181,MerchantName 181,100000,10000,1500,15,15
OID 1,ACCT 182,MerchantName 182,100000,10000,1500,15,15
OID 1,ACCT 183,MerchantName 183,100000,10000,1500,15,15
OID 1,ACCT 184,MerchantName 184,100000,10000,1500,15,15
OID 1,ACCT 185,MerchantName 185,100000,10000,1500,15,15
OID 1,ACCT 186,MerchantName 186,100000,10000,1500,15,15
OID 1,ACCT 187,MerchantName 187,100000,10000,1500,15,15
OID 1,ACCT 188,MerchantName 188,100000,10000,1500,15,15
OID 1,ACCT 189,MerchantName 189,100000,10000,1500,15,15
OID 1,ACCT 190,MerchantName 190,100000,10000,1500,15,15
OID 1,ACCT 191,MerchantName 191,100000,10000,1500,15,15
OID 1,ACCT 192,MerchantName 192,100000,10000,1500,15,15
OID 1,ACCT 193,MerchantName 193,100000,10000,1500,15,15
OID 1,ACCT 194,MerchantName 194,100000,10000,1500,15,15
OID 1,ACCT 195,MerchantName 195,100000,10000,1500,15,15
OID 1,ACCT 196,MerchantName 196,100000,10000,1500,15,15
OID 1,ACCT 197,MerchantName 197,100000,10000,1500,15,15
OID 1,ACCT 198,MerchantName 198,100000,10000,1500,15,15
OID 1,ACCT 199,MerchantName 199,100000,10000,1500,15,15
OID 1,ACCT 200,MerchantName 200,100000,10000,1500,15,15
OID 1,ACCT 201,MerchantName 201,100000,10000,1500,15,15
OID 1,ACCT 202,MerchantName 202,100000,10000,1500,15,15
OID 1,ACCT 203,MerchantName 203,100000,10000,1500,15,15
OID 1,ACCT 204,MerchantName 204,100000,10000,1500,15,15
OID 1,ACCT 205,MerchantName 205,100000,10000,1500,15,15
OID 1,ACCT 206,MerchantName 206,100000,10000,1500,15,15
OID 1,ACCT 207,MerchantName 207,100000,10000,1500,15,15
OID 1,ACCT 208,MerchantName 208,100000,10000,1500,15,15
OID 1,ACCT 209,MerchantName 209,100000,10000,1500,15,15
OID 1,ACCT 210,MerchantName 210,100000,10000,1500,15,15
OID 1,ACCT 211,MerchantName 211,100000,10000,1500,15,15
OID 1,ACCT 212,MerchantName 212,100000,10000,1500,15,15
OID 1,ACCT 213,MerchantName 213,100000,10000,1500,15,15
OID 1,ACCT 214,MerchantName 214,100000,10000,1500,15,15
OID 1,ACCT 215,MerchantName 215,100000,10000,1500,15,15
OID 1,ACCT 216,MerchantName 216,100000,10000,1500,15,15
OID 1,ACCT 217,MerchantName 217,100000,10000,1500,15,15
OID 1,ACCT 218,MerchantName 218,100000,10000,1500,15,15
OID 1,ACCT 219,MerchantName 219,100000,10000,1500,15,15
OID 1,ACCT 220,MerchantName 220,100000,10000,1500,15,15
OID 1,ACCT 221,MerchantName 221,100000,10000,1500,15,15
OID 1,ACCT 222,MerchantName 222,100000,10000,1500,15,15
OID 1,ACCT 223,MerchantName 223,100000,10000,1500,15,15
OID 1,ACCT 224,MerchantName 224,100000,10000,1500,15,15
OID 1,ACCT 225,MerchantName 225,100000,10000,1500,15,15
OID 1,ACCT 226,MerchantName 226,100000,10000,1500,15,15
OID 1,ACCT 227,MerchantName 227,100000,10000,1500,15,15
OID 1,ACCT 228,MerchantName 228,100000,10000,1500,15,15
OID 1,ACCT 229,MerchantName 229,100000,10000,1500,15,15
OID 1,ACCT 230,MerchantName 230,100000,10000,1500,15,15
OID 1,ACCT 231,MerchantName 231,100000,10000,1500,15,15
OID 1,ACCT 232,MerchantName 232,100000,10000,1500,15,15
OID 1,ACCT 233,MerchantName 233,100000,10000,1500,15,15
OID 1,ACCT 234,MerchantName 234,100000,10000,1500,15,15
OID 1,ACCT 235,MerchantName 235,100000,10000,1500,15,15
OID 1,ACCT 236,MerchantName 236,100000,10000,1500,15,15
OID 1,ACCT 237,MerchantName 237,100000,10000,1500,15,15
OID 1,ACCT 238,MerchantName 238,100000,10000,1500,15,15
OID 1,ACCT 239,MerchantName 239,100000,10000,1500,15,15
OID 1,ACCT 240,MerchantName 240,100000,10000,1500,15,15
OID 1,ACCT 241,MerchantName 241,100000,10000,1500,15,15
OID 1,ACCT 242,MerchantName 242,100000,10000,1500,15,15
OID 1,ACCT 243,MerchantName 243,100000,10000,1500,15,15
OID 1,ACCT 244,MerchantName 244,100000,10000,1500,15,15
OID 1,ACCT 245,MerchantName 245,100000,10000,1500,15,15
OID 1,ACCT 246,MerchantName 246,100000,10000,1500,15,15
OID 1,ACCT 247,MerchantName 247,100000,10000,1500,15,15
OID 1,ACCT 248,MerchantName 248,100000,10000,1500,15,15
OID 1,ACCT 249,MerchantName 249,100000,10000,1500,15,15
OID 1,ACCT 250,MerchantName 250,100000,10000,1500,15,15
OID 1,ACCT 251,MerchantName 251,100000,10000,1500,15,15
OID 1,ACCT 252,MerchantName 252,100000,10000,1500,15,15
OID 1,ACCT 253,MerchantName 253,100000,10000,1500,15,15
OID 1,ACCT 254,MerchantName 254,100000,10000,1500,15,15
OID 1,ACCT 255,MerchantName 255,100000,10000,1500,15,15
OID 1,ACCT 256,MerchantName 256,100000,10000,1500,15,15
OID 1,ACCT 257,MerchantName 257,100000,10000,1500,15,15
OID 1,ACCT 258,MerchantName 258,100000,10000,1500,15,15
OID 1,ACCT 259,MerchantName 259,100000,10000,1500,15,15
OID 1,ACCT 260,MerchantName 260,100000,10000,1500,15,15
OID 1,ACCT 261,MerchantName 261,100000,10000,1500,15,15
OID 1,ACCT 262,MerchantName 262,100000,10000,1500,15,15
OID 1,ACCT 263,MerchantName 263,100000,10000,1500,15,15
OID 1,ACCT 264,MerchantName 264,100000,10000,1500,15,15
OID 1,ACCT 265,MerchantName 265,100000,10000,1500,15,15
OID 1,ACCT 266,MerchantName 266,100000,10000,1500,15,15
OID 1,ACCT 267,MerchantName 267,100000,10000,1500,15,15
OID 1,ACCT 268,MerchantName 268,100000,10000,1500,15,15
OID 1,ACCT 269,MerchantName 269,100000,10000,1500,15,15
OID 1,ACCT 270,MerchantName 270,100000,10000,1500,15,15
OID 1,ACCT 271,MerchantName 271,100000,10000,1500,15,15
OID 1,ACCT 272,MerchantName 272,100000,10000,1500,15,15
OID 1,ACCT 273,MerchantName 273,100000,10000,1500,15,15
OID 1,ACCT 274,MerchantName 274,100000,10000,1500,15,15
OID 1,ACCT 275,MerchantName 275,100000,10000,1500,15,15
OID 1,ACCT 276,MerchantName 276,100000,10000,1500,15,15
OID 1,ACCT 277,MerchantName 277,100000,10000,1500,15,15
OID 1,ACCT 278,MerchantName 278,100000,10000,1500,15,15
OID 1,ACCT 279,MerchantName 279,100000,10000,1500,15,15
OID 1,ACCT 280,MerchantName 280,100000,10000,1500,15,15
OID 1,ACCT 281,MerchantName 281,100000,10000,1500,15,15
OID 1,ACCT 282,MerchantName 282,100000,10000,1500,15,15
OID 1,ACCT 283,MerchantName 283,100000,10000,1500,15,15
OID 1,ACCT 284,MerchantName 284,100000,10000,1500,15,15
OID 1,ACCT 285,MerchantName 285,100000,10000,1500,15,15
OID 1,ACCT 286,MerchantName 286,100000,10000,1500,15,15
OID 1,ACCT 287,MerchantName 287,100000,10000,1500,15,15
OID 1,ACCT 288,MerchantName 288,100000,10000,1500,15,15
OID 1,ACCT 289,MerchantName 289,100000,10000,1500,15,15
OID 1,ACCT 290,MerchantName 290,100000,10000,1500,15,15
OID 1,ACCT 291,MerchantName 291,100000,10000,1500,15,15
OID 1,ACCT 292,MerchantName 292,100000,10000,1500,15,15
OID 1,ACCT 293,MerchantName 293,100000,10000,1500,15,15
OID 1,ACCT 294,MerchantName 294,100000,10000,1500,15,15
OID 1,ACCT 295,MerchantName 295,100000,10000,1500,15,15
OID 1,ACCT 296,MerchantName 296,100000,10000,1500,15,15
OID 1,ACCT 297,MerchantName 297,100000,10000,1500,15,15
OID 1,ACCT 298,MerchantName 298,100000,10000,1500,15,15
OID 1,ACCT 299,MerchantName 299,100000,10000,1500,15,15
OID 1,ACCT 300,MerchantName 300,100000,10000,1500,15,15
OID 1,ACCT 301,MerchantName 301,100000,10000,1500,15,15
OID 1,ACCT 302,MerchantName 302,100000,10000,1500,15,15
OID 1,ACCT 303,MerchantName 303,100000,10000,1500,15,15
OID 1,ACCT 304,MerchantName 304,100000,10000,1500,15,15
OID 1,ACCT 305,MerchantName 305,100000,10000,1500,15,15
OID 1,ACCT 306,MerchantName 306,100000,10000,1500,15,15
OID 1,ACCT 307,MerchantName 307,100000,10000,1500,15,15
OID 1,ACCT 308,MerchantName 308,100000,10000,1500,15,15
OID 1,ACCT 309,MerchantName 309,100000,10000,1500,15,15
OID 1,ACCT 310,MerchantName 310,100000,10000,1500,15,15
OID 1,ACCT 311,MerchantName 311,100000,10000,1500,15,15
OID 1,ACCT 312,MerchantName 312,100000,10000,1500,15,15
OID 1,ACCT 313,MerchantName 313,100000,10000,1500,15,15
OID 1,ACCT 314,MerchantName 314,100000,10000,1500,15,15
OID 1,ACCT 315,MerchantName 315,100000,10000,1500,15,15
OID 1,ACCT 316,MerchantName 316,100000,10000,1500,15,15
OID 1,ACCT 317,MerchantName 317,100000,10000,1500,15,15
OID 1,ACCT 318,MerchantName 318,100000,10000,1500,15,15
OID 1,ACCT 319,MerchantName 319,100000,10000,1500,15,15
OID 1,ACCT 320,MerchantName 320,100000,10000,1500,15,15
OID 1,ACCT 321,MerchantName 321,100000,10000,1500,15,15
OID 1,ACCT 322,MerchantName 322,100000,10000,1500,15,15
OID 1,ACCT 323,MerchantName 323,100000,10000,1500,15,15
OID 1,ACCT 324,MerchantName 324,100000,10000,1500,15,15
OID 1,ACCT 325,MerchantName 325,100000,10000,1500,15,15
OID 1,ACCT 326,MerchantName 326,100000,10000,1500,15,15
OID 1,ACCT 327,MerchantName 327,100000,10000,1500,15,15
OID 1,ACCT 328,MerchantName 328,100000,10000,1500,15,15
OID 1,ACCT 329,MerchantName 329,100000,10000,1500,15,15
OID 1,ACCT 330,MerchantName 330,100000,10000,1500,15,15
OID 1,ACCT 331,MerchantName 331,100000,10000,1500,15,15
OID 1,ACCT 332,MerchantName 332,100000,10000,1500,15,15
OID 1,ACCT 333,MerchantName 333,100000,10000,1500,15,15
OID 1,ACCT 334,MerchantName 334,100000,10000,1500,15,15
OID 1,ACCT 335,MerchantName 335,100000,10000,1500,15,15
OID 1,ACCT 336,MerchantName 336,100000,10000,1500,15,15
OID 1,ACCT 337,MerchantName 337,100000,10000,1500,15,15
OID 1,ACCT 338,MerchantName 338,100000,10000,1500,15,15
OID 1,ACCT 339,MerchantName 339,100000,10000,1500,15,15
OID 1,ACCT 340,MerchantName 340,100000,10000,1500,15,15
OID 1,ACCT 341,MerchantName 341,100000,10000,1500,15,15
OID 1,ACCT 342,MerchantName 342,100000,10000,1500,15,15
OID 1,ACCT 343,MerchantName 343,100000,10000,1500,15,15
OID 1,ACCT 344,MerchantName 344,100000,10000,1500,15,15
OID 1,ACCT 345,MerchantName 345,100000,10000,1500,15,15
OID 1,ACCT 346,MerchantName 346,100000,10000,1500,15,15
OID 1,ACCT 347,MerchantName 347,100000,10000,1500,15,15
OID 1,ACCT 348,MerchantName 348,100000,10000,1500,15,15
OID 1,ACCT 349,MerchantName 349,100000,10000,1500,15,15
OID 1,ACCT 350,MerchantName 350,100000,10000,1500,15,15
OID 1,ACCT 351,MerchantName 351,100000,10000,1500,15,15
OID 1,ACCT 352,MerchantName 352,100000,10000,1500,15,15
OID 1,ACCT 353,MerchantName 353,100000,10000,1500,15,15
OID 1,ACCT 354,MerchantName 354,100000,10000,1500,15,15
OID 1,ACCT 355,MerchantName 355,100000,10000,1500,15,15
OID 1,ACCT 356,MerchantName 356,100000,10000,1500,15,15
OID 1,ACCT 357,MerchantName 357,100000,10000,1500,15,15
OID 1,ACCT 358,MerchantName 358,100000,10000,1500,15,15
OID 1,ACCT 359,MerchantName 359,100000,10000,1500,15,15
OID 1,ACCT 360,MerchantName 360,100000,10000,1500,15,15
OID 1,ACCT 361,MerchantName 361,100000,10000,1500,15,15
OID 1,ACCT 362,MerchantName 362,100000,10000,1500,15,15
OID 1,ACCT 363,MerchantName 363,100000,10000,1500,15,15
OID 1,ACCT 364,MerchantName 364,100000,10000,1500,15,15
OID 1,ACCT 365,MerchantName 365,100000,10000,1500,15,15
OID 1,ACCT 366,MerchantName 366,100000,10000,1500,15,15
OID 1,ACCT 367,MerchantName 367,100000,10000,1500,15,15
OID 1,ACCT 368,MerchantName 368,100000,10000,1500,15,15
OID 1,ACCT 369,MerchantName 369,100000,10000,1500,15,15
OID 1,ACCT 370,MerchantName 370,100000,10000,1500,15,15
OID 1,ACCT 371,MerchantName 371,100000,10000,1500,15,15
OID 1,ACCT 372,MerchantName 372,100000,10000,1500,15,15
OID 1,ACCT 373,MerchantName 373,100000,10000,1500,15,15
OID 1,ACCT 374,MerchantName 374,100000,10000,1500,15,15
OID 1,ACCT 375,MerchantName 375,100000,10000,1500,15,15
OID 1,ACCT 376,MerchantName 376,100000,10000,1500,15,15
OID 1,ACCT 377,MerchantName 377,100000,10000,1500,15,15
OID 1,ACCT 378,MerchantName 378,100000,10000,1500,15,15
OID 1,ACCT 379,MerchantName 379,100000,10000,1500,15,15
OID 1,ACCT 380,MerchantName 380,100000,10000,1500,15,15
OID 1,ACCT 381,MerchantName 381,100000,10000,1500,15,15
OID 1,ACCT 382,MerchantName 382,100000,10000,1500,15,15
OID 1,ACCT 383,MerchantName 383,100000,10000,1500,15,15
OID 1,ACCT 384,MerchantName 384,100000,10000,1500,15,15
OID 1,ACCT 385,MerchantName 385,100000,10000,1500,15,15
OID 1,ACCT 386,MerchantName 386,100000,10000,1500,15,15
OID 1,ACCT 387,MerchantName 387,100000,10000,1500,15,15
OID 1,ACCT 388,MerchantName 388,100000,10000,1500,15,15
OID 1,ACCT 389,MerchantName 389,100000,10000,1500,15,15
OID 1,ACCT 390,MerchantName 390,100000,10000,1500,15,15
OID 1,ACCT 391,MerchantName 391,100000,10000,1500,15,15
OID 1,ACCT 392,MerchantName 392,100000,10000,1500,15,15
OID 1,ACCT 393,MerchantName 393,100000,10000,1500,15,15
OID 1,ACCT 394,MerchantName 394,100000,10000,1500,15,15
OID 1,ACCT 395,MerchantName 395,100000,10000,1500,15,15
OID 1,ACCT 396,MerchantName 396,100000,10000,1500,15,15
OID 1,ACCT 397,MerchantName 397,100000,10000,1500,15,15
OID 1,ACCT 398,MerchantName 398,100000,10000,1500,15,15
OID 1,ACCT 399,MerchantName 399,100000,10000,1500,15,15
OID 1,ACCT 400,MerchantName 400,100000,10000,1500,15,15
OID 1,ACCT 401,MerchantName 401,100000,10000,1500,15,15
OID 1,ACCT 402,MerchantName 402,100000,10000,1500,15,15
OID 1,ACCT 403,MerchantName 403,100000,10000,1500,15,15
OID 1,ACCT 404,MerchantName 404,100000,10000,1500,15,15
OID 1,ACCT 405,MerchantName 405,100000,10000,1500,15,15
OID 1,ACCT 406,MerchantName 406,100000,10000,1500,15,15
OID 1,ACCT 407,MerchantName 407,100000,10000,1500,15,15
OID 1,ACCT 408,MerchantName 408,100000,10000,1500,15,15
OID 1,ACCT 409,MerchantName 409,100000,10000,1500,15,15
OID 1,ACCT 410,MerchantName 410,100000,10000,1500,15,15
OID 1,ACCT 411,MerchantName 411,100000,10000,1500,15,15
OID 1,ACCT 412,MerchantName 412,100000,10000,1500,15,15
OID 1,ACCT 413,MerchantName 413,100000,10000,1500,15,15
OID 1,ACCT 414,MerchantName 414,100000,10000,1500,15,15
OID 1,ACCT 415,MerchantName 415,100000,10000,1500,15,15
OID 1,ACCT 416,MerchantName 416,100000,10000,1500,15,15
OID 1,ACCT 417,MerchantName 417,100000,10000,1500,15,15
OID 1,ACCT 418,MerchantName 418,100000,10000,1500,15,15
OID 1,ACCT 419,MerchantName 419,100000,10000,1500,15,15
OID 1,ACCT 420,MerchantName 420,100000,10000,1500,15,15
OID 1,ACCT 421,MerchantName 421,100000,10000,1500,15,15
OID 1,ACCT 422,MerchantName 422,100000,10000,1500,15,15
OID 1,ACCT 423,MerchantName 423,100000,10000,1500,15,15
OID 1,ACCT 424,MerchantName 424,100000,10000,1500,15,15
OID 1,ACCT 425,MerchantName 425,100000,10000,1500,15,15
OID 1,ACCT 426,MerchantName 426,100000,10000,1500,15,15
OID 1,ACCT 427,MerchantName 427,100000,10000,1500,15,15
OID 1,ACCT 428,MerchantName 428,100000,10000,1500,15,15
OID 1,ACCT 429,MerchantName 429,100000,10000,1500,15,15
OID 1,ACCT 430,MerchantName 430,100000,10000,1500,15,15
OID 1,ACCT 431,MerchantName 431,100000,10000,1500,15,15
OID 1,ACCT 432,MerchantName 432,100000,10000,1500,15,15
OID 1,ACCT 433,MerchantName 433,100000,10000,1500,15,15
OID 1,ACCT 434,MerchantName 434,100000,10000,1500,15,15
OID 1,ACCT 435,MerchantName 435,100000,10000,1500,15,15
OID 1,ACCT 436,MerchantName 436,100000,10000,1500,15,15
OID 1,ACCT 437,MerchantName 437,100000,10000,1500,15,15
OID 1,ACCT 438,MerchantName 438,100000,10000,1500,15,15
OID 1,ACCT 439,MerchantName 439,100000,10000,1500,15,15
OID 1,ACCT 440,MerchantName 440,100000,10000,1500,15,15
OID 1,ACCT 441,MerchantName 441,100000,10000,1500,15,15
OID 1,ACCT 442,MerchantName 442,100000,10000,1500,15,15
OID 1,ACCT 443,MerchantName 443,100000,10000,1500,15,15
OID 1,ACCT 444,MerchantName 444,100000,10000,1500,15,15
OID 1,ACCT 445,MerchantName 445,100000,10000,1500,15,15
OID 1,ACCT 446,MerchantName 446,100000,10000,1500,15,15
OID 1,ACCT 447,MerchantName 447,100000,10000,1500,15,15
OID 1,ACCT 448,MerchantName 448,100000,10000,1500,15,15
OID 1,ACCT 449,MerchantName 449,100000,10000,1500,15,15
OID 1,ACCT 450,MerchantName 450,100000,10000,1500,15,15
OID 1,ACCT 451,MerchantName 451,100000,10000,1500,15,15
OID 1,ACCT 452,MerchantName 452,100000,10000,1500,15,15
OID 1,ACCT 453,MerchantName 453,100000,10000,1500,15,15
OID 1,ACCT 454,MerchantName 454,100000,10000,1500,15,15
OID 1,ACCT 455,MerchantName 455,100000,10000,1500,15,15
OID 1,ACCT 456,MerchantName 456,100000,10000,1500,15,15
OID 1,ACCT 457,MerchantName 457,100000,10000,1500,15,15
OID 1,ACCT 458,MerchantName 458,100000,10000,1500,15,15
OID 1,ACCT 459,MerchantName 459,100000,10000,1500,15,15
OID 1,ACCT 460,MerchantName 460,100000,10000,1500,15,15
OID 1,ACCT 461,MerchantName 461,100000,10000,1500,15,15
OID 1,ACCT 462,MerchantName 462,100000,10000,1500,15,15
OID 1,ACCT 463,MerchantName 463,100000,10000,1500,15,15
OID 1,ACCT 464,MerchantName 464,100000,10000,1500,15,15
OID 1,ACCT 465,MerchantName 465,100000,10000,1500,15,15
OID 1,ACCT 466,MerchantName 466,100000,10000,1500,15,15
OID 1,ACCT 467,MerchantName 467,100000,10000,1500,15,15
OID 1,ACCT 468,MerchantName 468,100000,10000,1500,15,15
OID 1,ACCT 469,MerchantName 469,100000,10000,1500,15,15
OID 1,ACCT 470,MerchantName 470,100000,10000,1500,15,15
OID 1,ACCT 471,MerchantName 471,100000,10000,1500,15,15
OID 1,ACCT 472,MerchantName 472,100000,10000,1500,15,15
OID 1,ACCT 473,MerchantName 473,100000,10000,1500,15,15
OID 1,ACCT 474,MerchantName 474,100000,10000,1500,15,15
OID 1,ACCT 475,MerchantName 475,100000,10000,1500,15,15
OID 1,ACCT 476,MerchantName 476,100000,10000,1500,15,15
OID 1,ACCT 477,MerchantName 477,100000,10000,1500,15,15
OID 1,ACCT 478,MerchantName 478,100000,10000,1500,15,15
OID 1,ACCT 479,MerchantName 479,100000,10000,1500,15,15
OID 1,ACCT 480,MerchantName 480,100000,10000,1500,15,15
OID 1,ACCT 481,MerchantName 481,100000,10000,1500,15,15
OID 1,ACCT 482,MerchantName 482,100000,10000,1500,15,15
OID 1,ACCT 483,MerchantName 483,100000,10000,1500,15,15
OID 1,ACCT 484,MerchantName 484,100000,10000,1500,15,15
OID 1,ACCT 485,MerchantName 485,100000,10000,1500,15,15
OID 1,ACCT 486,MerchantName 486,100000,10000,1500,15,15
OID 1,ACCT 487,MerchantName 487,100000,10000,1500,15,15
OID 1,ACCT 488,MerchantName 488,100000,10000,1500,15,15
OID 1,ACCT 489,MerchantName 489,100000,10000,1500,15,15
OID 1,ACCT 490,MerchantName 490,100000,10000,1500,15,15
OID 1,ACCT 491,MerchantName 491,100000,10000,1500,15,15
OID 1,ACCT 492,MerchantName 492,100000,10000,1500,15,15
OID 1,ACCT 493,MerchantName 493,100000,10000,1500,15,15
OID 1,ACCT 494,MerchantName 494,100000,10000,1500,15,15
OID 1,ACCT 495,MerchantName 495,100000,10000,1500,15,15
OID 1,ACCT 496,MerchantName 496,100000,10000,1500,15,15
OID 1,ACCT 497,MerchantName 497,100000,10000,1500,15,15
OID 1,ACCT 498,MerchantName 498,100000,10000,1500,15,15
OID 1,ACCT 499,MerchantName 499,100000,10000,1500,15,15
OID 1,ACCT 500,MerchantName 500,100000,10000,1500,15,15
OID 1,ACCT 501,MerchantName 501,100000,10000,1500,15,15
OID 1,ACCT 502,MerchantName 502,100000,10000,1500,15,15
OID 1,ACCT 503,MerchantName 503,100000,10000,1500,15,15
OID 1,ACCT 504,MerchantName 504,100000,10000,1500,15,15
OID 1,ACCT 505,MerchantName 505,100000,10000,1500,15,15
OID 1,ACCT 506,MerchantName 506,100000,10000,1500,15,15
OID 1,ACCT 507,MerchantName 507,100000,10000,1500,15,15
OID 1,ACCT 508,MerchantName 508,100000,10000,1500,15,15
OID 1,ACCT 509,MerchantName 509,100000,10000,1500,15,15
OID 1,ACCT 510,MerchantName 510,100000,10000,1500,15,15
OID 1,ACCT 511,MerchantName 511,100000,10000,1500,15,15
OID 1,ACCT 512,MerchantName 512,100000,10000,1500,15,15
OID 1,ACCT 513,MerchantName 513,100000,10000,1500,15,15
OID 1,ACCT 514,MerchantName 514,100000,10000,1500,15,15
OID 1,ACCT 515,MerchantName 515,100000,10000,1500,15,15
OID 1,ACCT 516,MerchantName 516,100000,10000,1500,15,15
OID 1,ACCT 517,MerchantName 517,100000,10000,1500,15,15
OID 1,ACCT 518,MerchantName 518,100000,10000,1500,15,15
OID 1,ACCT 519,MerchantName 519,100000,10000,1500,15,15
OID 1,ACCT 520,MerchantName 520,100000,10000,1500,15,15
OID 1,ACCT 521,MerchantName 521,100000,10000,1500,15,15
OID 1,ACCT 522,MerchantName 522,100000,10000,1500,15,15
OID 1,ACCT 523,MerchantName 523,100000,10000,1500,15,15
OID 1,ACCT 524,MerchantName 524,100000,10000,1500,15,15
OID 1,ACCT 525,MerchantName 525,100000,10000,1500,15,15
OID 1,ACCT 526,MerchantName 526,100000,10000,1500,15,15
OID 1,ACCT 527,MerchantName 527,100000,10000,1500,15,15
OID 1,ACCT 528,MerchantName 528,100000,10000,1500,15,15
OID 1,ACCT 529,MerchantName 529,100000,10000,1500,15,15
OID 1,ACCT 530,MerchantName 530,100000,10000,1500,15,15
OID 1,ACCT 531,MerchantName 531,100000,10000,1500,15,15
OID 1,ACCT 532,MerchantName 532,100000,10000,1500,15,15
OID 1,ACCT 533,MerchantName 533,100000,10000,1500,15,15
OID 1,ACCT 534,MerchantName 534,100000,10000,1500,15,15
OID 1,ACCT 535,MerchantName 535,100000,10000,1500,15,15
OID 1,ACCT 536,MerchantName 536,100000,10000,1500,15,15
OID 1,ACCT 537,MerchantName 537,100000,10000,1500,15,15
OID 1,ACCT 538,MerchantName 538,100000,10000,1500,15,15
OID 1,ACCT 539,MerchantName 539,100000,10000,1500,15,15
OID 1,ACCT 540,MerchantName 540,100000,10000,1500,15,15
OID 1,ACCT 541,MerchantName 541,100000,10000,1500,15,15
OID 1,ACCT 542,MerchantName 542,100000,10000,1500,15,15
OID 1,ACCT 543,MerchantName 543,100000,10000,1500,15,15
OID 1,ACCT 544,MerchantName 544,100000,10000,1500,15,15
OID 1,ACCT 545,MerchantName 545,100000,10000,1500,15,15
OID 1,ACCT 546,MerchantName 546,100000,10000,1500,15,15
OID 1,ACCT 547,MerchantName 547,100000,10000,1500,15,15
OID 1,ACCT 548,MerchantName 548,100000,10000,1500,15,15
OID 1,ACCT 549,MerchantName 549,100000,10000,1500,15,15
OID 1,ACCT 550,MerchantName 550,100000,10000,1500,15,15
OID 1,ACCT 551,MerchantName 551,100000,10000,1500,15,15
OID 1,ACCT 552,MerchantName 552,100000,10000,1500,15,15
OID 1,ACCT 553,MerchantName 553,100000,10000,1500,15,15
OID 1,ACCT 554,MerchantName 554,100000,10000,1500,15,15
OID 1,ACCT 555,MerchantName 555,100000,10000,1500,15,15
OID 1,ACCT 556,MerchantName 556,100000,10000,1500,15,15
OID 1,ACCT 557,MerchantName 557,100000,10000,1500,15,15
OID 1,ACCT 558,MerchantName 558,100000,10000,1500,15,15
OID 1,ACCT 559,MerchantName 559,100000,10000,1500,15,15
OID 1,ACCT 560,MerchantName 560,100000,10000,1500,15,15
OID 1,ACCT 561,MerchantName 561,100000,10000,1500,15,15
OID 1,ACCT 562,MerchantName 562,100000,10000,1500,15,15
OID 1,ACCT 563,MerchantName 563,100000,10000,1500,15,15
OID 1,ACCT 564,MerchantName 564,100000,10000,1500,15,15
OID 1,ACCT 565,MerchantName 565,100000,10000,1500,15,15
OID 1,ACCT 566,MerchantName 566,100000,10000,1500,15,15
OID 1,ACCT 567,MerchantName 567,100000,10000,1500,15,15
OID 1,ACCT 568,MerchantName 568,100000,10000,1500,15,15
OID 1,ACCT 569,MerchantName 569,100000,10000,1500,15,15
OID 1,ACCT 570,MerchantName 570,100000,10000,1500,15,15
OID 1,ACCT 571,MerchantName 571,100000,10000,1500,15,15
OID 1,ACCT 572,MerchantName 572,100000,10000,1500,15,15
OID 1,ACCT 573,MerchantName 573,100000,10000,1500,15,15
OID 1,ACCT 574,MerchantName 574,100000,10000,1500,15,15
OID 1,ACCT 575,MerchantName 575,100000,10000,1500,15,15
OID 1,ACCT 576,MerchantName 576,100000,10000,1500,15,15
OID 1,ACCT 577,MerchantName 577,100000,10000,1500,15,15
OID 1,ACCT 578,MerchantName 578,100000,10000,1500,15,15
OID 1,ACCT 579,MerchantName 579,100000,10000,1500,15,15
OID 1,ACCT 580,MerchantName 580,100000,10000,1500,15,15
OID 1,ACCT 581,MerchantName 581,100000,10000,1500,15,15
OID 1,ACCT 582,MerchantName 582,100000,10000,1500,15,15
OID 1,ACCT 583,MerchantName 583,100000,10000,1500,15,15
OID 1,ACCT 584,MerchantName 584,100000,10000,1500,15,15
OID 1,ACCT 585,MerchantName 585,100000,10000,1500,15,15
OID 1,ACCT 586,MerchantName 586,100000,10000,1500,15,15
OID 1,ACCT 587,MerchantName 587,100000,10000,1500,15,15
OID 1,ACCT 588,MerchantName 588,100000,10000,1500,15,15
OID 1,ACCT 589,MerchantName 589,100000,10000,1500,15,15
OID 1,ACCT 590,MerchantName 590,100000,10000,1500,15,15
OID 1,ACCT 591,MerchantName 591,100000,10000,1500,15,15
OID 1,ACCT 592,MerchantName 592,100000,10000,1500,15,15
OID 1,ACCT 593,MerchantName 593,100000,10000,1500,15,15
OID 1,ACCT 594,MerchantName 594,100000,10000,1500,15,15
OID 1,ACCT 595,MerchantName 595,100000,10000,1500,15,15
OID 1,ACCT 596,MerchantName 596,100000,10000,1500,15,15
OID 1,ACCT 597,MerchantName 597,100000,10000,1500,15,15
OID 1,ACCT 598,MerchantName 598,100000,10000,1500,15,15
OID 1,ACCT 599,MerchantName 599,100000,10000,1500,15,15
OID 1,ACCT 600,MerchantName 600,100000,10000,1500,15,15
OID 1,ACCT 601,MerchantName 601,100000,10000,1500,15,15
OID 1,ACCT 602,MerchantName 602,100000,10000,1500,15,15
OID 1,ACCT 603,MerchantName 603,100000,10000,1500,15,15
OID 1,ACCT 604,MerchantName 604,100000,10000,1500,15,15
OID 1,ACCT 605,MerchantName 605,100000,10000,1500,15,15
OID 1,ACCT 606,MerchantName 606,100000,10000,1500,15,15
OID 1,ACCT 607,MerchantName 607,100000,10000,1500,15,15
OID 1,ACCT 608,MerchantName 608,100000,10000,1500,15,15
OID 1,ACCT 609,MerchantName 609,100000,10000,1500,15,15
OID 1,ACCT 610,MerchantName 610,100000,10000,1500,15,15
OID 1,ACCT 611,MerchantName 611,100000,10000,1500,15,15
OID 1,ACCT 612,MerchantName 612,100000,10000,1500,15,15
OID 1,ACCT 613,MerchantName 613,100000,10000,1500,15,15
OID 1,ACCT 614,MerchantName 614,100000,10000,1500,15,15
OID 1,ACCT 615,MerchantName 615,100000,10000,1500,15,15
OID 1,ACCT 616,MerchantName 616,100000,10000,1500,15,15
OID 1,ACCT 617,MerchantName 617,100000,10000,1500,15,15
OID 1,ACCT 618,MerchantName 618,100000,10000,1500,15,15
OID 1,ACCT 619,MerchantName 619,100000,10000,1500,15,15
OID 1,ACCT 620,MerchantName 620,100000,10000,1500,15,15
OID 1,ACCT 621,MerchantName 621,100000,10000,1500,15,15
OID 1,ACCT 622,MerchantName 622,100000,10000,1500,15,15
OID 1,ACCT 623,MerchantName 623,100000,10000,1500,15,15
OID 1,ACCT 624,MerchantName 624,100000,10000,1500,15,15
OID 1,ACCT 625,MerchantName 625,100000,10000,1500,15,15
OID 1,ACCT 626,MerchantName 626,100000,10000,1500,15,15
OID 1,ACCT 627,MerchantName 627,100000,10000,1500,15,15
OID 1,ACCT 628,MerchantName 628,100000,10000,1500,15,15
OID 1,ACCT 629,MerchantName 629,100000,10000,1500,15,15
OID 1,ACCT 630,MerchantName 630,100000,10000,1500,15,15
OID 1,ACCT 631,MerchantName 631,100000,10000,1500,15,15
OID 1,ACCT 632,MerchantName 632,100000,10000,1500,15,15